{
    "name": "itemcollection",
    "title": "Item Containers",
    "description": "Items that can hold other items - think backpack, sack or bag of holding",
    "version": "1.8.3",
    "author": "tposney",
    "type": "module",
    "socket": true,
    "includes": [
      "./assets/**",
      "./lang/**",
      "./scripts/**",
      "./styles/**",
      "./templates/**",
      "./module.json",
      "./README.md",
      "./icons/**",
      "./packs/**"
    ],
    "media": [
      {
        "type": "icon",
        "location": ""
      }, 
      {
        "type": "cover",
        "location": ""
      },
      {
        "type": "screenshot",
        "location": ""
      }
    ],
    "languages": [
		{
            "lang": "ar",
            "name": "Arabic",
            "path": "lang/ar.json"
        },
        {
            "lang": "en",
            "name": "English",
            "path": "lang/en.json"
        },
        {
            "lang": "ko",
            "name": "Korean",
            "path": "lang/ko.json"
        },
        {
            "lang": "ja",
	        "name": " 日本語",
            "path": "lang/ja.json"
        },
        {
          "lang": "pt-BR",
          "name": "Português (Brasil)",
          "path": "lang/pt-BR.json"
        },
	    {
          "lang": "de",
          "name": "Deutsch",
          "path": "lang/de.json"
        }
    ],
    "systems": ["dnd5e"],
    "scripts": [
    ],
    "esmodules": [
        "ItemCollection.js"   
    ],
    "styles": [
        "styles/ItemCollection.css"
    ],
    "packs": [    {
        "name": "packs",
        "label": "Premade Bags",
        "system": "dnd5e",
        "path": "./packs/packs.db",
        "module": "world",
        "entity": "Item",
        "lang": ["en"]
      }
    ],
    "url": "https://gitlab.com/tposney/itemcollection/tree/master",
    "readme": "https://gitlab.com/tposney/itemcollection/raw/master/README.md",
    "manifest": "https://gitlab.com/tposney/itemcollection/raw/08x/package/module.json",
    "download": "https://gitlab.com/tposney/itemcollection/raw/08x/package/itemcollection-v1.8.3.zip",
    "changelog": "https://gitlab.com/tposney/itemcollection/raw/master/Changelog.md",
    "minimumCoreVersion": "0.8.4",
    "compatibleCoreVersion": "0.8.8",
    "minimumSystemVersion": "1.3.2",
    "manifestPlusVersion": "1.0.0",
    "dependencies": [
      {
        "name": "lib-wrapper", "type": "module"
      }
    ]
}
