{
    "name": "itemcollection",
    "title": "Item Containers",
    "description": "Items that can hold other items - think backpack, sack or bag of holding",
    "version": "1.3.12",
    "author": "tposney",
    "languages": [
        {
            "lang": "en",
            "name": "English",
            "path": "lang/en.json"
        },
        {
            "lang": "ko",
            "name": "Korean",
            "path": "lang/ko.json"
        },
        {
            "lang": "ja",
	        "name": " 日本語",
            "path": "lang/ja.json"
        },
        {
          "lang": "pt-BR",
          "name": "Português (Brasil)",
          "path": "lang/pt-BR.json"
        }
    ],
    "systems": ["dnd5e"],
    "scripts": [
        "app/settings.js",
        "lib/util.js"
    ],
    "esmodules": ["lib/ItemCollection.js", "lib/ItemSheet5eWithBags.js", "lib/ItemSheetShop.js"],
    "styles": ["css/styles.css"],
    "packs": [    {
        "name": "packs",
        "label": "Premade Bags",
        "system": "dnd5e",
        "path": "./packs/packs.db",
        "module": "world",
        "entity": "Item",
        "lang": ["en"]
      }
    ],
    "url": "https://gitlab.com/tposney/itemcollection/tree/master",
    "manifest": "https://gitlab.com/tposney/itemcollection/raw/master/module.json",
    "download": "https://gitlab.com/tposney/itemcollection/raw/master/itemcollection.zip",
    "minimumCoreVersion": "0.5.4",
    "compatibleCoreVersion": "0.6.4"
}
